% Chg,Company,Symbol (Companies!Weights),#,Chg,Price,Weight,Weight Percentage
-0.02%,Apple Inc,AAPL,1,0.05,182.04,7.508006,0.07508006
(-0.03%),Microsoft Corp,MSFT,2,-0.09,327.69,6.451932,0.06451932
-0.01%,Amazon.com Inc,AMZN,3,0.02,139.59,3.0567,0.030567
(-0.22%),Nvidia Corp,NVDA,4,-1,445.8,2.924405,0.02924405
(-0.07%),Alphabet Inc Cl A,GOOGL,5,-0.09,128.03,2.027999,0.02027999
(-0.06%),Tesla Inc,TSLA,6,-0.16,253.7,1.856613,0.01856613
-0.05%,Meta Platforms Inc Class A,META,7,0.14,310.87,1.841181,0.01841181
(-0.03%),Alphabet Inc Cl C,GOOG,8,-0.04,128.51,1.748807,0.01748807
-0.11%,Berkshire Hathaway Inc Cl B,BRK.B,9,0.39,350.38,1.676767,0.01676767
-0.13%,Unitedhealth Group Inc,UNH,10,0.67,503.4,1.249134,0.01249134
(-1.29%),Jpmorgan Chase & Co,JPM,11,-2.01,154.01,1.214214,0.01214214
(-0.13%),Johnson & Johnson,JNJ,12,-0.22,168.82,1.178467,0.01178467
-0.20%,Exxon Mobil Corp,XOM,13,0.22,107.64,1.150934,0.01150934
-0.06%,Visa Inc Class a Shares,V,14,0.14,239.13,1.026771,0.01026771
(-0.06%),Procter & Gamble Co,PG,15,-0.09,155.19,0.983116,0.00983116
(-0.03%),Broadcom Inc,AVGO,16,-0.22,881.43,0.980096,0.00980096
-0.74%,Eli Lilly & Co,LLY,17,3.31,452.8,0.940247,0.00940247
-0.01%,Home Depot Inc,HD,18,0.02,326.45,0.88768,0.0088768
(-0.07%),Mastercard Inc A,MA,19,-0.29,391.07,0.87393,0.0087393
-0.28%,Chevron Corp,CVX,20,0.44,159.75,0.73946,0.0073946
-0.01%,Merck & Co. Inc.,MRK,21,0.02,105.02,0.712962,0.00712962
(-0.25%),Abbvie Inc,ABBV,22,-0.38,147.36,0.699642,0.00699642
-0.03%,Pepsico Inc,PEP,23,0.06,184.66,0.684045,0.00684045
(-0.14%),Costco Wholesale Corp,COST,24,-0.77,551.27,0.656865,0.00656865
(-0.09%),Adobe Inc,ADBE,25,-0.48,526.4,0.638471,0.00638471
-0.07%,Coca Cola Co,KO,26,0.04,60.75,0.636792,0.00636792
(-0.08%),Walmart Inc,WMT,27,-0.12,158.22,0.592811,0.00592811
(-0.23%),Bank of America Corp,BAC,28,-0.07,31.23,0.578726,0.00578726
-0.14%,Cisco Systems Inc,CSCO,29,0.08,52.71,0.578266,0.00578266
-0.05%,Mcdonald S Corp,MCD,30,0.14,287.16,0.564404,0.00564404
(-0.34%),Thermo Fisher Scientific Inc,TMO,31,-1.87,546.78,0.562116,0.00562116
(-0.02%),Salesforce Inc,CRM,32,-0.04,214.55,0.560837,0.00560837
(-0.00%),Accenture Plc Cl A,ACN,33,-0.01,311.99,0.532243,0.00532243
(-0.05%),Pfizer Inc,PFE,34,-0.02,35,0.525084,0.00525084
(-0.06%),Netflix Inc,NFLX,35,-0.25,431.35,0.509468,0.00509468
(-0.20%),Comcast Corp Class A,CMCSA,36,-0.09,44.75,0.499293,0.00499293
-2.11%,Abbott Laboratories,ABT,37,2.27,109.92,0.497701,0.00497701
-0.54%,Linde Plc,LIN,38,2.02,379.84,0.495397,0.00495397
(-0.04%),Advanced Micro Devices,AMD,39,-0.05,115.77,0.48424,0.0048424
(-0.08%),Oracle Corp,ORCL,40,-0.1,114.35,0.468464,0.00468464
-0.53%,Danaher Corp,DHR,41,1.34,256.09,0.454385,0.00454385
(-0.06%),Wells Fargo & Co,WFC,42,-0.03,44.83,0.450216,0.00450216
(-0.05%),Walt Disney Co,DIS,43,-0.05,86.26,0.414535,0.00414535
(-0.01%),Texas Instruments Inc,TXN,44,-0.01,168.43,0.413156,0.00413156
(-0.06%),Philip Morris International,PM,45,-0.06,96.16,0.400865,0.00400865
(-0.06%),Caterpillar Inc,CAT,46,-0.17,276.27,0.38546,0.0038546
(-0.13%),Intel Corp,INTC,47,-0.04,35.1,0.385131,0.00385131
-0.08%,Nextera Energy Inc,NEE,48,0.06,69.23,0.376945,0.00376945
(-0.98%),Union Pacific Corp,UNP,49,-2.23,226.3,0.373352,0.00373352
-0.21%,Intuit Inc,INTU,50,1.02,498,0.371178,0.00371178
-0.09%,Conocophillips,COP,51,0.1,113.81,0.36978,0.0036978
-0.09%,Verizon Communications Inc,VZ,52,0.03,32.65,0.368555,0.00368555
-0.04%,Lowe S Cos Inc,LOW,53,0.08,223.2,0.359313,0.00359313
(-0.06%),Nike Inc Cl B,NKE,54,-0.07,108.75,0.355719,0.00355719
(-0.22%),Qualcomm Inc,QCOM,55,-0.27,121.23,0.351233,0.00351233
-0.03%,United Parcel Service Cl B,UPS,56,0.06,181,0.349587,0.00349587
(-0.01%),Intl Business Machines Corp,IBM,57,-0.02,144.23,0.348579,0.00348579
(-0.01%),Boeing Co,BA,58,-0.03,231.34,0.34769,0.0034769
-0.25%,Bristol Myers Squibb Co,BMY,59,0.15,60.64,0.341848,0.00341848
-0.08%,Honeywell International Inc,HON,60,0.15,189.36,0.337856,0.00337856
(-0.88%),S&p Global Inc,SPGI,61,-3.41,383.43,0.335294,0.00335294
(-0.02%),Applied Materials Inc,AMAT,62,-0.03,145.63,0.330772,0.00330772
(-0.18%),Rtx Corp,RTX,63,-0.16,84.4,0.329238,0.00329238
(-0.96%),Amgen Inc,AMGN,64,-2.33,240.95,0.326983,0.00326983
(-0.40%),General Electric Co,GE,65,-0.45,112.61,0.324334,0.00324334
-0.01%,Starbucks Corp,SBUX,66,0.01,100.69,0.312177,0.00312177
(-0.14%),Goldman Sachs Group Inc,GS,67,-0.5,352.73,0.312009,0.00312009
(-0.05%),Morgan Stanley,MS,68,-0.04,88.75,0.309121,0.00309121
-0.06%,Deere & Co,DE,69,0.26,424.3,0.304289,0.00304289
-0.08%,Servicenow Inc,NOW,70,0.45,552.08,0.303447,0.00303447
(-0.39%),Prologis Inc,PLD,71,-0.48,121.77,0.302887,0.00302887
(-0.15%),Medtronic Plc,MDT,72,-0.13,83.92,0.298314,0.00298314
(-0.64%),Elevance Health Inc,ELV,73,-2.95,460.23,0.294834,0.00294834
-0.08%,Intuitive Surgical Inc,ISRG,74,0.24,309.55,0.289517,0.00289517
(-0.67%),Blackrock Inc,BLK,75,-4.77,705.51,0.282739,0.00282739
(-1.44%),Booking Holdings Inc,BKNG,76,-44.2,3019,0.278739,0.00278739
-0.63%,Automatic Data Processing,ADP,77,1.54,247.3,0.272756,0.00272756
-0.37%,Mondelez International Inc A,MDLZ,78,0.27,74.19,0.272506,0.00272506
(-0.01%),Lockheed Martin Corp,LMT,79,-0.04,445.68,0.268294,0.00268294
(-0.07%),At&t Inc,T,80,-0.01,13.99,0.26659,0.0026659
-0.75%,Tjx Companies Inc,TJX,81,0.65,86.1,0.263778,0.00263778
-0.03%,American Express Co,AXP,82,0.05,165.46,0.262865,0.00262865
(-0.10%),Schwab (Charles) Corp,SCHW,83,-0.07,64.86,0.260137,0.00260137
(-0.51%),Analog Devices Inc,ADI,84,-0.96,187.4,0.257623,0.00257623
(-0.28%),Cvs Health Corp,CVS,85,-0.21,72.69,0.253315,0.00253315
(-5.96%),Marsh & Mclennan Cos,MMC,86,-11.3,178.29,0.251093,0.00251093
(-0.33%),Gilead Sciences Inc,GILD,87,-0.26,78.42,0.250003,0.00250003
(-0.67%),Lam Research Corp,LRCX,88,-4.64,685.82,0.248306,0.00248306
(-0.95%),Stryker Corp,SYK,89,-2.69,281.03,0.246679,0.00246679
-1.26%,Vertex Pharmaceuticals Inc,VRTX,90,4.31,344.79,0.237298,0.00237298
0.00%,Citigroup Inc,C,91,0,45.71,0.236325,0.00236325
-0.01%,American Tower Corp,AMT,92,0.01,184.78,0.229203,0.00229203
(-11.01%),Eaton Corp Plc,ETN,93,-23.8,192.14,0.228276,0.00228276
-0.96%,The Cigna Group,CI,94,2.75,289.33,0.226166,0.00226166
-1.10%,Chubb Ltd,CB,95,2.2,203.12,0.223157,0.00223157
(-1.94%),Zoetis Inc,ZTS,96,-3.46,175.17,0.222032,0.00222032
-0.14%,Regeneron Pharmaceuticals,REGN,97,1.05,767.49,0.220127,0.00220127
-0.11%,Schlumberger Ltd,SLB,98,0.07,57.74,0.218569,0.00218569
-0.59%,Altria Group Inc,MO,99,0.26,44.26,0.209923,0.00209923
-0.84%,T Mobile Us Inc,TMUS,100,1.14,135.74,0.207203,0.00207203
-0.64%,Fiserv Inc,FI,101,0.8,125.62,0.205358,0.00205358
-3.17%,Eog Resources Inc,EOG,102,4.11,133.91,0.204974,0.00204974
-0.01%,Becton Dickinson and Co,BDX,103,0.02,270.81,0.20234,0.0020234
(-0.00%),Micron Technology Inc,MU,104,0,69.91,0.200374,0.00200374
-0.18%,Progressive Corp,PGR,105,0.23,126.77,0.199784,0.00199784
(-0.14%),Southern Co,SO,106,-0.1,67.75,0.19797,0.0019797
-0.19%,Boston Scientific Corp,BSX,107,0.09,50.81,0.194395,0.00194395
-0.62%,Cme Group Inc,CME,108,1.27,206.34,0.193373,0.00193373
-0.11%,Palo Alto Networks Inc,PANW,109,0.23,218.55,0.190949,0.00190949
-0.03%,Paypal Holdings Inc,PYPL,110,0.02,62.77,0.190294,0.00190294
-0.07%,Equinix Inc,EQIX,111,0.57,758.45,0.188745,0.00188745
-0.24%,Duke Energy Corp,DUK,112,0.21,89.67,0.184436,0.00184436
(-1.05%),Illinois Tool Works,ITW,113,-2.59,244.05,0.184342,0.00184342
(-0.15%),Kla Corp,KLAC,114,-0.72,495.75,0.183068,0.00183068
(-0.68%),Synopsys Inc,SNPS,115,-3.01,438.41,0.178065,0.00178065
-0.11%,Csx Corp,CSX,116,0.04,31.56,0.17781,0.0017781
-0.09%,Activision Blizzard Inc,ATVI,117,0.09,91.67,0.173313,0.00173313
(-0.68%),Aon Plc Class A,AON,118,-2.15,312.91,0.172956,0.00172956
(-7.43%),Sherwin Williams Co,SHW,119,-20.3,253.23,0.171006,0.00171006
-0.61%,Colgate Palmolive Co,CL,120,0.47,76.73,0.169771,0.00169771
(-0.01%),Northrop Grumman Corp,NOC,121,-0.04,438.5,0.168997,0.00168997
-0.46%,Cadence Design Sys Inc,CDNS,122,1.06,230.06,0.166432,0.00166432
-0.01%,Intercontinental Exchange In,ICE,123,0.01,114.01,0.166244,0.00166244
-0.84%,Air Products & Chemicals Inc,APD,124,2.38,286.81,0.165659,0.00165659
-2.56%,Freeport Mcmoran Inc,FCX,125,1.09,43.6,0.163329,0.00163329
0.00%,Fedex Corp,FDX,126,0.01,263.01,0.162412,0.00162412
(-0.02%),Target Corp,TGT,127,-0.03,132.5,0.161891,0.00161891
(-0.61%),Humana Inc,HUM,128,-2.97,481.31,0.161585,0.00161585
-0.28%,Waste Management Inc,WM,129,0.45,160.88,0.158598,0.00158598
(-0.04%),3m Co W/d,MMM,130,-0.05,105.47,0.157005,0.00157005
-0.38%,Mckesson Corp,MCK,131,1.62,423.39,0.156729,0.00156729
-0.21%,Marathon Petroleum Corp,MPC,132,0.3,138.25,0.153594,0.00153594
-0.05%,O Reilly Automotive Inc,ORLY,133,0.51,926.44,0.150575,0.00150575
(-0.07%),Hca Healthcare Inc,HCA,134,-0.19,268.5,0.148449,0.00148449
(-0.83%),Nxp Semiconductors Nv,NXPI,135,-1.77,211.93,0.148283,0.00148283
(-0.38%),Us Bancorp,USB,136,-0.15,39.71,0.145889,0.00145889
(-0.99%),Emerson Electric Co,EMR,137,-0.95,94.6,0.145424,0.00145424
-0.13%,Pioneer Natural Resources Co,PXD,138,0.31,234.37,0.142853,0.00142853
(-0.64%),Parker Hannifin Corp,PH,139,-2.65,411.5,0.142368,0.00142368
(-0.43%),Pnc Financial Services Group,PNC,140,-0.57,130.89,0.142158,0.00142158
(-0.01%),Chipotle Mexican Grill Inc,CMG,141,-0.14,1890.47,0.140878,0.00140878
(-0.02%),Moody S Corp,MCO,142,-0.07,339.98,0.140853,0.00140853
-0.04%,Amphenol Corp Cl A,APH,143,0.03,87.33,0.13954,0.0013954
-0.02%,Roper Technologies Inc,ROP,144,0.12,486.83,0.137999,0.00137999
(-0.30%),Marriott International Cl A,MAR,145,-0.61,202.38,0.13763,0.0013763
-1.55%,Norfolk Southern Corp,NSC,146,3.49,228.13,0.137424,0.00137424
-0.49%,General Motors Co,GM,147,0.18,36.75,0.13667,0.0013667
-0.03%,Ford Motor Co,F,148,0,12.89,0.136601,0.00136601
(-0.00%),General Dynamics Corp,GD,149,-0.01,224,0.134772,0.00134772
-1.39%,Phillips 66,PSX,150,1.54,112.02,0.134637,0.00134637
-0.16%,Microchip Technology Inc,MCHP,151,0.14,83.6,0.130179,0.00130179
-0.26%,Fortinet Inc,FTNT,152,0.15,56.92,0.130174,0.00130174
-1.71%,Carrier Global Corp,CARR,153,0.97,58.05,0.129138,0.00129138
(-0.19%),Edwards Lifesciences Corp,EW,154,-0.15,79.4,0.128883,0.00128883
(-0.19%),Motorola Solutions Inc,MSI,155,-0.54,278.32,0.127702,0.00127702
(-5.80%),Arthur J Gallagher & Co,AJG,156,-12.8,208,0.126487,0.00126487
(-11.97%),Trane Technologies Plc,TT,157,-24.4,179.75,0.125232,0.00125232
-0.74%,Dexcom Inc,DXCM,158,0.9,121.23,0.124952,0.00124952
(-0.60%),Archer Daniels Midland Co,ADM,159,-0.51,85.04,0.123687,0.00123687
(-21.88%),Transdigm Group Inc,TDG,160,-196,700,0.123301,0.00123301
-0.17%,Autozone Inc,AZO,161,4.13,2455.12,0.121132,0.00121132
-0.16%,Valero Energy Corp,VLO,162,0.2,127.09,0.120669,0.00120669
-0.50%,Crown Castle Inc,CCI,163,0.52,104.33,0.120408,0.00120408
-0.06%,Public Storage,PSA,164,0.16,275.85,0.120407,0.00120407
-0.27%,Occidental Petroleum Corp,OXY,165,0.17,63.69,0.119867,0.00119867
-3.43%,Sempra,SRE,166,4.87,146.81,0.119385,0.00119385
-4.45%,Ecolab Inc,ECL,167,8.11,190.64,0.11938,0.0011938
-0.02%,Te Connectivity Ltd,TEL,168,0.03,138.53,0.118175,0.00118175
-0.32%,American International Group,AIG,169,0.19,60.88,0.117596,0.00117596
(-0.77%),On Semiconductor,ON,170,-0.79,101.52,0.117484,0.00117484
-0.95%,Paccar Inc,PCAR,171,0.8,84.7,0.117364,0.00117364
-0.09%,Monster Beverage Corp,MNST,172,0.05,55.16,0.117033,0.00117033
-0.02%,Arista Networks Inc,ANET,173,0.04,179.64,0.116773,0.00116773
-0.42%,Charter Communications Inc A,CHTR,174,1.76,420.62,0.116683,0.00116683
-0.02%,General Mills Inc,GIS,175,0.02,73.61,0.116599,0.00116599
-0.36%,Autodesk Inc,ADSK,176,0.73,202.3,0.116139,0.00116139
(-0.18%),Constellation Brands Inc A,STZ,177,-0.47,267.55,0.115565,0.00115565
-0.75%,Nucor Corp,NUE,178,1.27,169.03,0.115361,0.00115361
-0.06%,Msci Inc,MSCI,179,0.31,542.57,0.115268,0.00115268
-0.72%,Kimberly Clark Corp,KMB,180,0.93,128.7,0.11526,0.0011526
(-21.42%),Cintas Corp,CTAS,181,-105,385.1,0.113915,0.00113915
(-0.82%),Capital One Financial Corp,COF,182,-0.94,112.45,0.113861,0.00113861
-0.14%,Truist Financial Corp,TFC,183,0.05,32.12,0.113497,0.00113497
(-5.21%),Johnson Controls Internation,JCI,184,-3.27,59.49,0.112835,0.00112835
(-1.60%),Aflac Inc,AFL,185,-1.23,75.62,0.112586,0.00112586
-0.28%,Dominion Energy Inc,D,186,0.14,49.35,0.112227,0.00112227
-1.64%,Hess Corp,HES,187,2.51,155.45,0.111901,0.00111901
-0.58%,Idexx Laboratories Inc,IDXX,188,2.92,507,0.111664,0.00111664
-0.27%,American Electric Power,AEP,189,0.22,81.46,0.111646,0.00111646
-0.38%,Williams Cos Inc,WMB,190,0.13,34.49,0.11083,0.0011083
-0.96%,Welltower Inc,WELL,191,0.79,83.17,0.110674,0.00110674
(-0.19%),Metlife Inc,MET,192,-0.12,63.41,0.110129,0.00110129
(-0.64%),Exelon Corp,EXC,193,-0.26,39.67,0.106828,0.00106828
(-0.51%),Hilton Worldwide Holdings In,HLT,194,-0.78,150.58,0.106556,0.00106556
-0.05%,Iqvia Holdings Inc,IQV,195,0.1,217.03,0.106488,0.00106488
-0.45%,Paychex Inc,PAYX,196,0.55,123.54,0.105973,0.00105973
-1.27%,Estee Lauder Companies Cl A,EL,197,2.17,172.83,0.105671,0.00105671
-0.91%,Corteva Inc,CTVA,198,0.51,56.53,0.105581,0.00105581
(-0.20%),Realty Income Corp,O,199,-0.12,59.1,0.105274,0.00105274
-0.33%,Travelers Cos Inc,TRV,200,0.56,169.21,0.10392,0.0010392
(-1.51%),Ross Stores Inc,ROST,201,-1.7,110.89,0.102891,0.00102891
-0.96%,Simon Property Group Inc,SPG,202,1.14,119.43,0.102728,0.00102728
(-0.06%),Biogen Inc,BIIB,203,-0.17,268.75,0.102483,0.00102483
-0.91%,Dow Inc,DOW,204,0.5,55.01,0.102386,0.00102386
-0.14%,Dr Horton Inc,DHI,205,0.18,125.89,0.101924,0.00101924
-0.59%,Copart Inc,CPRT,206,0.52,88.87,0.101426,0.00101426
-0.06%,Yum Brands Inc,YUM,207,0.08,134.43,0.101214,0.00101214
-0.76%,Sysco Corp,SYY,208,0.56,74.35,0.099857,0.00099857
(-0.55%),Otis Worldwide Corp,OTIS,209,-0.49,88.02,0.09933,0.0009933
-0.04%,Old Dominion Freight Line,ODFL,210,0.15,407.26,0.099162,0.00099162
-0.27%,Dollar General Corp,DG,211,0.45,168.22,0.098313,0.00098313
-0.50%,Ameriprise Financial Inc,AMP,212,1.73,346.59,0.098093,0.00098093
(-0.20%),Agilent Technologies Inc,A,213,-0.25,126.05,0.098093,0.00098093
-0.82%,Centene Corp,CNC,214,0.54,66.34,0.096569,0.00096569
(-0.06%),Moderna Inc,MRNA,215,-0.07,108.13,0.096253,0.00096253
(-9.68%),Ametek Inc,AME,216,-15.2,141.41,0.096225,0.00096225
-0.38%,Halliburton Co,HAL,217,0.15,39.7,0.095509,0.00095509
-0.06%,Cognizant Tech Solutions A,CTSH,218,0.05,71.05,0.09519,0.0009519
-0.35%,Baker Hughes Co,BKR,219,0.13,35.65,0.094615,0.00094615
(-0.24%),Prudential Financial Inc,PRU,220,-0.23,96.28,0.094384,0.00094384
(-0.07%),Dupont De Nemours Inc,DD,221,-0.06,76.97,0.093793,0.00093793
-0.02%,Digital Realty Trust Inc,DLR,222,0.02,119.98,0.093569,0.00093569
-1.90%,L3harris Technologies Inc,LHX,223,3.54,189.99,0.093493,0.00093493
(-0.08%),Rockwell Automation Inc,ROK,225,-0.24,298.58,0.091657,0.00091657
-1.41%,Kinder Morgan Inc,KMI,226,0.24,17.6,0.091416,0.00091416
-1.69%,Cummins Inc,CMI,227,4,240.51,0.090998,0.00090998
(-0.25%),Hershey Co,HSY,228,-0.56,227.67,0.090137,0.00090137
(-0.09%),Fidelity National Info Serv,FIS,229,-0.05,58.76,0.09009,0.0009009
-0.14%,Xcel Energy Inc,XEL,230,0.09,60.48,0.088926,0.00088926
(-2.07%),Verisk Analytics Inc,VRSK,231,-4.75,225.01,0.088653,0.00088653
-0.05%,Constellation Energy,CEG,232,0.05,103.99,0.087643,0.00087643
-0.01%,Costar Group Inc,CSGP,233,0.01,81.42,0.087218,0.00087218
(-1.13%),Ppg Industries Inc,PPG,234,-1.58,138.99,0.087075,0.00087075
(-3.74%),Bank of New York Mellon Corp,BK,235,-1.7,43.69,0.086908,0.00086908
-0.29%,Devon Energy Corp,DVN,236,0.15,50.95,0.086643,0.00086643
(-1.15%),Ww Grainger Inc,GWW,237,-8.18,700.09,0.086447,0.00086447
-0.73%,Fastenal Co,FAST,238,0.41,56.49,0.08623,0.0008623
-0.13%,Electronic Arts Inc,EA,239,0.16,122.75,0.085609,0.00085609
-0.15%,Resmed Inc,RMD,240,0.26,179.51,0.085423,0.00085423
-0.80%,United Rentals Inc,URI,241,3.75,469.56,0.085376,0.00085376
0.00%,Kroger Co,KR,242,0,49.49,0.085302,0.00085302
(-0.28%),Newmont Corp,NEM,243,-0.12,40.76,0.085202,0.00085202
(-0.06%),Global Payments Inc,GPN,244,-0.08,122.58,0.084948,0.00084948
(-0.72%),Consolidated Edison Inc,ED,245,-0.64,88.67,0.083188,0.00083188
(-0.47%),Dollar Tree Inc,DLTR,246,-0.71,149.5,0.083084,0.00083084
-0.55%,Vici Properties Inc,VICI,247,0.17,31.23,0.082802,0.00082802
-0.05%,Lennar Corp A,LEN,248,0.07,125.64,0.082568,0.00082568
(-16.37%),Amerisourcebergen Corp,ABC,249,-30.3,155,0.082137,0.00082137
-2.31%,Public Service Enterprise Gp,PEG,250,1.4,62,0.080924,0.00080924
(-18.01%),Republic Services Inc,RSG,251,-26.7,121.79,0.080894,0.00080894
(-15.93%),Vulcan Materials Co,VMC,252,-36,190,0.07967,0.0007967
-0.06%,Ge Healthcare Technology,GEHC,253,0.05,75.95,0.078922,0.00078922
-0.99%,Aptiv Plc,APTV,254,1.06,107.86,0.078685,0.00078685
(-4.32%),Allstate Corp,ALL,255,-4.74,105.13,0.078252,0.00078252
-1.71%,Extra Space Storage Inc,EXR,256,2.15,127.85,0.078225,0.00078225
-2.64%,Oneok Inc,OKE,257,1.72,66.97,0.07813,0.0007813
-0.09%,Illumina Inc,ILMN,258,0.17,187.84,0.07726,0.0007726
-0.43%,Quanta Services Inc,PWR,259,0.86,201.14,0.077137,0.00077137
-0.42%,Keurig Dr Pepper Inc,KDP,260,0.14,33.74,0.07612,0.0007612
-0.79%,Arch Capital Group Ltd,ACGL,261,0.61,77.33,0.075862,0.00075862
(-0.99%),Warner Bros Discovery Inc,WBD,262,-0.14,13.83,0.075609,0.00075609
(-0.03%),Keysight Technologies In,KEYS,263,-0.05,158.66,0.075355,0.00075355
(-0.55%),Delta Air Lines Inc,DAL,264,-0.25,44.35,0.075215,0.00075215
-0.45%,Hp Inc,HPQ,265,0.15,32.58,0.075019,0.00075019
-28.83%,Mettler Toledo International,MTD,266,366.54,1638.03,0.074892,0.00074892
-0.21%,Kraft Heinz Co,KHC,267,0.08,35.36,0.07482,0.0007482
(-0.04%),Martin Marietta Materials,MLM,268,-0.2,455.65,0.074735,0.00074735
-1.02%,P G & E Corp,PCG,269,0.17,17.25,0.07386,0.0007386
-0.86%,Wec Energy Group Inc,WEC,270,0.75,88.02,0.073779,0.00073779
0.00%,Fortive Corp,FTV,271,0,77.38,0.073258,0.00073258
-0.18%,American Water Works Co Inc,AWK,272,0.25,142.22,0.072803,0.00072803
-0.45%,West Pharmaceutical Services,WST,273,1.7,376.77,0.072645,0.00072645
-0.91%,Diamondback Energy Inc,FANG,274,1.35,149.92,0.072382,0.00072382
(-0.07%),Ingersoll Rand Inc,IR,275,-0.05,66.86,0.07214,0.0007214
(-0.90%),Cdw Corp/de,CDW,276,-1.78,196.1,0.071618,0.00071618
-2.13%,Edison International,EIX,277,1.48,70.72,0.071186,0.00071186
(-0.45%),Gartner Inc,IT,278,-1.51,335.32,0.071173,0.00071173
-0.02%,Ansys Inc,ANSS,279,0.07,304.72,0.070633,0.00070633
-0.03%,Align Technology Inc,ALGN,280,0.11,361.55,0.070377,0.00070377
(-18.97%),Cbre Group Inc A,CBRE,281,-15.9,68,0.069994,0.00069994
-0.79%,Zimmer Biomet Holdings Inc,ZBH,282,1,127.32,0.06995,0.0006995
(-1.38%),T Rowe Price Group Inc,TROW,283,-1.59,113.97,0.069688,0.00069688
-0.01%,Discover Financial Services,DFS,284,0.01,102.37,0.069234,0.00069234
-0.61%,Xylem Inc,XYL,285,0.64,106.31,0.068526,0.00068526
(-0.80%),Avalonbay Communities Inc,AVB,286,-1.48,183.37,0.068374,0.00068374
-1.44%,Corning Inc,GLW,287,0.48,33.58,0.06783,0.0006783
0.00%,Tractor Supply Company,TSCO,288,0.01,222.32,0.066574,0.00066574
0.00%,Weyerhaeuser Co,WY,289,0,32.88,0.064922,0.00064922
(-2.89%),State Street Corp,STT,290,-2.11,71.03,0.064845,0.00064845
-0.82%,Lyondellbasell Indu Cl A,LYB,291,0.79,96.5,0.064801,0.00064801
-0.28%,Cardinal Health Inc,CAH,292,0.26,91.51,0.064106,0.00064106
(-0.05%),Equifax Inc,EFX,293,-0.1,197.61,0.063956,0.00063956
-0.04%,Sba Communications Corp,SBAC,294,0.1,222.98,0.063781,0.00063781
(-0.49%),Monolithic Power Systems Inc,MPWR,295,-2.63,534.41,0.063293,0.00063293
-0.24%,Eversource Energy,ES,296,0.16,67.4,0.062975,0.00062975
(-1.02%),M & T Bank Corp,MTB,297,-1.43,138.45,0.062823,0.00062823
-0.20%,Ebay Inc,EBAY,298,0.09,43.14,0.062707,0.00062707
-0.45%,Albemarle Corp,ALB,299,0.91,201,0.061887,0.00061887
(-0.78%),Church & Dwight Co Inc,CHD,300,-0.74,93.9,0.061565,0.00061565
-0.65%,Take Two Interactive Softwre,TTWO,301,0.92,143.1,0.061336,0.00061336
-0.81%,Willis Towers Watson Plc,WTW,302,1.73,214.49,0.060578,0.00060578
-0.26%,Royal Caribbean Cruises Ltd,RCL,303,0.27,104.19,0.06057,0.0006057
-1.27%,Dte Energy Company,DTE,304,1.38,109.26,0.059966,0.00059966
(-0.05%),Hartford Financial Svcs Grp,HIG,305,-0.04,72.48,0.059828,0.00059828
(-0.04%),Steris Plc,STE,306,-0.1,225.92,0.059288,0.00059288
(-0.63%),Hewlett Packard Enterprise,HPE,307,-0.11,17.26,0.059194,0.00059194
(-0.69%),Equity Residential,EQR,308,-0.45,64.95,0.05916,0.0005916
-0.48%,Ulta Beauty Inc,ULTA,309,2.09,440.41,0.0591,0.000591
-0.41%,Baxter International Inc,BAX,310,0.18,44.1,0.058863,0.00058863
(-2.33%),Mccormick & Co Non Vtg Shrs,MKC,311,-2.03,85.31,0.058558,0.00058558
(-0.58%),Genuine Parts Co,GPC,312,-0.91,154.59,0.058333,0.00058333
-0.25%,Walgreens Boots Alliance Inc,WBA,313,0.08,29.94,0.057654,0.00057654
-7.01%,Fair Isaac Corp,FICO,314,58.98,900,0.057098,0.00057098
0.00%,Ameren Corporation,AEE,315,0,81.4,0.056815,0.00056815
(-8.80%),Raymond James Financial Inc,RJF,316,-9.49,98.35,0.056101,0.00056101
-0.07%,Wabtec Corp,WAB,317,0.08,114.78,0.055978,0.00055978
(-0.25%),Coterra Energy Inc,CTRA,318,-0.07,27.5,0.055758,0.00055758
-0.71%,Entergy Corp,ETR,319,0.69,98.33,0.055225,0.00055225
-0.34%,Clorox Company,CLX,320,0.57,164.58,0.054476,0.00054476
-1.30%,Intl Flavors & Fragrances,IFF,321,1.05,81.55,0.05416,0.0005416
-0.16%,Invitation Homes Inc,INVH,322,0.06,34.82,0.05383,0.0005383
-0.14%,Dover Corp,DOV,323,0.2,142.47,0.053059,0.00053059
-0.29%,Firstenergy Corp,FE,324,0.11,36.41,0.052734,0.00052734
-0.04%,Darden Restaurants Inc,DRI,325,0.06,162.51,0.052732,0.00052732
-0.44%,Fifth Third Bancorp,FITB,326,0.12,28.59,0.051803,0.00051803
-0.45%,Broadridge Financial Solutio,BR,327,0.74,166.46,0.051729,0.00051729
-3.49%,Ppl Corp,PPL,328,0.91,26.99,0.051722,0.00051722
(-0.11%),First Solar Inc,FSLR,329,-0.22,194.17,0.05156,0.0005156
(-0.33%),Ventas Inc,VTR,330,-0.15,44.78,0.051195,0.00051195
-6.69%,Alexandria Real Estate Equit,ARE,331,8.08,128.83,0.051166,0.00051166
(-0.04%),Cooper Cos Inc,COO,332,-0.16,388.63,0.051049,0.00051049
(-0.90%),Regions Financial Corp,RF,333,-0.19,20.43,0.050964,0.00050964
(-0.29%),Southwest Airlines Co,LUV,334,-0.1,32.64,0.050766,0.00050766
(-0.06%),Enphase Energy Inc,ENPH,335,-0.09,139.92,0.050642,0.00050642
(-0.00%),Verisign Inc,VRSN,336,-0.01,205.1,0.050588,0.00050588
(-16.37%),Laboratory Crp of Amer Hldgs,LH,337,-35.2,180,0.050552,0.00050552
-0.01%,Expeditors Intl Wash Inc,EXPD,338,0.01,123.77,0.050524,0.00050524
(-1.20%),Hologic Inc,HOLX,339,-0.91,75.02,0.050396,0.00050396
-0.37%,Las Vegas Sands Corp,LVS,340,0.22,58.16,0.050385,0.00050385
(-0.96%),Nvr Inc,NVR,341,-60.6,6260.39,0.050005,0.00050005
-0.34%,Centerpoint Energy Inc,CNP,342,0.1,29.13,0.049044,0.00049044
(-0.71%),Ball Corp,BALL,343,-0.41,57.41,0.049029,0.00049029
-0.02%,Insulet Corp,PODD,344,0.05,263.19,0.048997,0.00048997
-1.55%,Targa Resources Corp,TRGP,345,1.28,83.75,0.048805,0.00048805
(-0.20%),Pultegroup Inc,PHM,346,-0.17,84.18,0.048758,0.00048758
(-0.06%),Fleetcor Technologies Inc,FLT,347,-0.15,245.58,0.04828,0.0004828
-0.59%,Principal Financial Group,PFG,348,0.46,79.03,0.047855,0.00047855
(-0.59%),Teledyne Technologies Inc,TDY,349,-2.25,377.01,0.047518,0.00047518
(-0.29%),Howmet Aerospace Inc,HWM,350,-0.14,48.91,0.046992,0.00046992
(-0.05%),Carnival Corp,CCL,351,-0.01,17.15,0.04671,0.0004671
(-0.09%),Molina Healthcare Inc,MOH,352,-0.28,302.69,0.046415,0.00046415
(-0.53%),Huntington Bancshares Inc,HBAN,353,-0.06,12.13,0.046279,0.00046279
(-0.23%),Skyworks Solutions Inc,SWKS,354,-0.25,109.05,0.046172,0.00046172
(-1.30%),Iron Mountain Inc,IRM,355,-0.8,60.13,0.046145,0.00046145
(-13.76%),Waters Corp,WAT,356,-39.9,250,0.046054,0.00046054
(-0.14%),Cincinnati Financial Corp,CINF,357,-0.15,108.85,0.045973,0.00045973
(-0.71%),Hunt (Jb) Transprt Svcs Inc,JBHT,358,-1.46,205.04,0.045799,0.00045799
-0.03%,Netapp Inc,NTAP,359,0.03,77.81,0.045674,0.00045674
(-0.56%),Bunge Ltd,BG,360,-0.64,114.07,0.045587,0.00045587
(-0.13%),United Airlines Holdings Inc,UAL,361,-0.07,52.3,0.045185,0.00045185
-4.43%,Cms Energy Corp,CMS,362,2.56,60.29,0.045108,0.00045108
(-0.07%),Steel Dynamics Inc,STLD,363,-0.08,103.71,0.044974,0.00044974
-0.08%,Atmos Energy Corp,ATO,364,0.1,117.37,0.044969,0.00044969
(-0.06%),Kellogg Co,K,365,-0.04,64.76,0.04494,0.0004494
-0.45%,Mid America Apartment Comm,MAA,366,0.65,145.86,0.044706,0.00044706
(-0.06%),Northern Trust Corp,NTRS,367,-0.05,80.21,0.044705,0.00044705
-1.20%,Teradyne Inc,TER,368,1.29,108.7,0.044542,0.00044542
(-1.09%),Omnicom Group,OMC,369,-0.89,80.71,0.04427,0.0004427
-0.46%,Nasdaq Inc,NDAQ,370,0.23,49.68,0.044209,0.00044209
0.00%,Idex Corp,IEX,371,0.01,220.9,0.044149,0.00044149
(-20.45%),Brown & Brown Inc,BRO,372,-14.3,55.69,0.044061,0.00044061
-0.11%,Factset Research Systems Inc,FDS,373,0.47,422.56,0.043777,0.00043777
(-1.12%),Jacobs Solutions Inc,J,374,-1.42,125.81,0.0434,0.000434
-0.84%,Marathon Oil Corp,MRO,375,0.22,26.4,0.043378,0.00043378
(-0.01%),Garmin Ltd,GRMN,376,-0.02,106.12,0.043315,0.00043315
-0.07%,Tyson Foods Inc Cl A,TSN,377,0.04,56.5,0.042651,0.00042651
-3.03%,Jm Smucker Co,SJM,378,4.53,153.68,0.042532,0.00042532
(-0.43%),Best Buy Co Inc,BBY,379,-0.35,79.49,0.042488,0.00042488
-0.43%,Cf Industries Holdings Inc,CF,380,0.35,81.59,0.042232,0.00042232
-24.23%,Tyler Technologies Inc,TYL,381,92.55,474.47,0.042222,0.00042222
(-1.69%),Textron Inc,TXT,382,-1.33,77.3,0.041655,0.00041655
(-23.05%),Essex Property Trust Inc,ESS,383,-56.2,187.69,0.041482,0.00041482
(-0.45%),Revvity Inc,RVTY,384,-0.55,122.69,0.041293,0.00041293
(-0.08%),Everest Group Ltd,EG,385,-0.3,355,0.041288,0.00041288
(-1.76%),Citizens Financial Group,CFG,386,-0.55,30.7,0.040893,0.00040893
-0.25%,Conagra Brands Inc,CAG,387,0.08,32.39,0.040849,0.00040849
(-7.07%),Ptc Inc,PTC,388,-9.98,131.24,0.04052,0.0004052
-0.69%,Stanley Black & Decker Inc,SWK,389,0.68,99.13,0.040347,0.00040347
(-0.17%),Quest Diagnostics Inc,DGX,390,-0.23,135.42,0.040268,0.00040268
-0.25%,Eqt Corp,EQT,391,0.11,41.91,0.040228,0.00040228
(-11.90%),Avery Dennison Corp,AVY,392,-22,163,0.040142,0.00040142
(-0.13%),Synchrony Financial,SYF,393,-0.04,34.32,0.039784,0.00039784
(-0.73%),Pool Corp,POOL,394,-2.78,378.71,0.039139,0.00039139
(-1.28%),Cboe Global Markets Inc,CBOE,395,-1.86,143.71,0.039062,0.00039062
-4.16%,Amcor Plc,AMCR,396,0.41,10.26,0.038802,0.00038802
-1.05%,Lamb Weston Holdings Inc,LW,397,1.08,103.02,0.038772,0.00038772
-3.74%,Snap on Inc,SNA,398,10.19,282.42,0.038614,0.00038614
-0.04%,Paycom Software Inc,PAYC,399,0.11,290.53,0.038252,0.00038252
-0.64%,Domino S Pizza Inc,DPZ,400,2.52,397.88,0.038011,0.00038011
0.00%,Akamai Technologies Inc,AKAM,401,0,92.63,0.037494,0.00037494
-0.55%,Expedia Group Inc,EXPE,402,0.57,103.76,0.037393,0.00037393
(-0.82%),Epam Systems Inc,EPAM,403,-2.02,244.95,0.037127,0.00037127
-0.42%,Packaging Corp of America,PKG,404,0.64,154.53,0.037078,0.00037078
(-0.06%),Lkq Corp,LKQ,405,-0.04,54.25,0.036877,0.00036877
-2.51%,Mosaic Co,MOS,406,1.03,42.27,0.036805,0.00036805
-0.71%,Mgm Resorts International,MGM,407,0.32,45.31,0.03672,0.0003672
(-1.48%),Western Digital Corp,WDC,408,-0.65,42.81,0.036666,0.00036666
-1.65%,Aes Corp,AES,409,0.33,19.97,0.036612,0.00036612
-0.01%,Trimble Inc,TRMB,410,0,55.77,0.036524,0.00036524
-13.44%,Evergy Inc,EVRG,411,7.7,65,0.03557,0.0003557
(-0.40%),Leidos Holdings Inc,LDOS,412,-0.39,96.71,0.035449,0.00035449
-0.04%,Nordson Corp,NDSN,413,0.11,246.53,0.035436,0.00035436
-0.83%,Masco Corp,MAS,414,0.49,59.87,0.035333,0.00035333
-2.24%,Carmax Inc,KMX,415,1.86,85.15,0.035186,0.00035186
-0.38%,Seagate Technology Holdings,STX,416,0.26,67.05,0.035179,0.00035179
-0.36%,International Paper Co,IP,417,0.13,36.39,0.034968,0.00034968
-0.04%,Alliant Energy Corp,LNT,418,0.02,51.32,0.034493,0.00034493
-0.18%,Match Group Inc,MTCH,419,0.08,43.91,0.034251,0.00034251
-0.18%,Interpublic Group of Cos Inc,IPG,420,0.06,33.99,0.034177,0.00034177
-0.39%,Apa Corp,APA,421,0.17,42.04,0.03415,0.0003415
(-0.04%),Zebra Technologies Corp Cl A,ZBRA,422,-0.11,251.3,0.034123,0.00034123
0.00%,Bio Techne Corp,TECH,423,0,82.17,0.033821,0.00033821
(-0.53%),Brown Forman Corp Class B,BF.B,424,-0.37,69.59,0.033636,0.00033636
(-0.94%),Viatris Inc,VTRS,425,-0.1,10.49,0.033635,0.00033635
-3.34%,Wr Berkley Corp,WRB,426,2.07,63.97,0.033583,0.00033583
(-0.10%),Jack Henry & Associates Inc,JKHY,427,-0.17,168.87,0.033045,0.00033045
-0.53%,Axon Enterprise Inc,AXON,428,0.95,181.81,0.033035,0.00033035
-0.49%,Celanese Corp,CE,429,0.6,124.55,0.032752,0.00032752
(-2.55%),Udr Inc,UDR,430,-1.02,39.01,0.032651,0.00032651
(-0.09%),Loews Corp,L,431,-0.05,62.87,0.032612,0.00032612
0.00%,Kimco Realty Corp,KIM,432,0,20,0.032518,0.00032518
(-0.83%),Live Nation Entertainment In,LYV,433,-0.73,87,0.03236,0.0003236
(-0.47%),Molson Coors Beverage Co B,TAP,434,-0.31,65,0.032301,0.00032301
0.00%,Incyte Corp,INCY,435,0,63.63,0.031975,0.00031975
-1.51%,Host Hotels & Resorts Inc,HST,436,0.25,16.84,0.031894,0.00031894
-0.51%,Hormel Foods Corp,HRL,437,0.21,40.75,0.031202,0.00031202
(-0.16%),Camden Property Trust,CPT,438,-0.17,108.37,0.031131,0.00031131
(-0.71%),Caesars Entertainment Inc,CZR,439,-0.4,55.06,0.030875,0.00030875
(-2.52%),Healthpeak Properties Inc,PEAK,440,-0.53,20.7,0.030798,0.00030798
(-0.93%),C.H. Robinson Worldwide Inc,CHRW,441,-0.92,97.6,0.030632,0.00030632
-0.11%,Fmc Corp,FMC,442,0.11,91.6,0.030271,0.00030271
(-2.58%),Pentair Plc,PNR,443,-1.8,68.05,0.030075,0.00030075
-0.04%,Keycorp,KEY,444,0.01,11.93,0.029828,0.00029828
-0.04%,Teleflex Inc,TFX,445,0.1,237.98,0.029817,0.00029817
-0.33%,Wynn Resorts Ltd,WYNN,446,0.35,104.53,0.029269,0.00029269
(-41.27%),Ceridian Hcm Holding Inc,CDAY,447,-29.5,42,0.028929,0.00028929
(-1.47%),Nisource Inc,NI,448,-0.39,26.12,0.028789,0.00028789
-0.90%,Gen Digital Inc,GEN,449,0.18,20.28,0.02832,0.0002832
-0.08%,Solaredge Technologies Inc,SEDG,450,0.14,182.79,0.028157,0.00028157
-8.98%,Henry Schein Inc,HSIC,451,7.01,85.1,0.028128,0.00028128
-0.08%,Qorvo Inc,QRVO,452,0.08,106.96,0.028053,0.00028053
(-0.06%),American Airlines Group Inc,AAL,453,-0.01,15.83,0.027599,0.00027599
-0.01%,Etsy Inc,ETSY,454,0.01,81.6,0.027549,0.00027549
-3.13%,Tapestry Inc,TPR,455,1.32,43.4,0.02744,0.0002744
(-0.07%),Globe Life Inc,GL,456,-0.08,113.5,0.027245,0.00027245
-0.08%,Charles River Laboratories,CRL,457,0.16,207.06,0.027215,0.00027215
(-44.07%),Regency Centers Corp,REG,458,-29.2,37.05,0.026974,0.00026974
(-1.33%),Eastman Chemical Co,EMN,459,-1.12,83.31,0.026501,0.00026501
(-0.10%),Allegion Plc,ALLE,460,-0.11,111.8,0.02618,0.0002618
(-1.12%),Borgwarner Inc,BWA,461,-0.48,42.05,0.026066,0.00026066
(-0.05%),F5 Inc,FFIV,462,-0.08,159.41,0.025341,0.00025341
(-21.88%),Rollins Inc,ROL,463,-8.81,31.47,0.024959,0.00024959
(-0.16%),Boston Properties Inc,BXP,464,-0.11,68.42,0.024934,0.00024934
-1.17%,Marketaxess Holdings Inc,MKTX,465,2.84,245.69,0.024708,0.00024708
-0.27%,Smith (a.O.) Corp,AOS,466,0.19,72.83,0.024498,0.00024498
-0.12%,Campbell Soup Co,CPB,467,0.06,45.21,0.024391,0.00024391
-0.69%,Juniper Networks Inc,JNPR,468,0.2,28.44,0.024051,0.00024051
-0.93%,Huntington Ingalls Industrie,HII,469,2.11,228.95,0.023763,0.00023763
0.00%,Fox Corp Class A,FOXA,470,0,33.06,0.023567,0.00023567
(-10.48%),Pinnacle West Capital,PNW,471,-8.24,70.34,0.023545,0.00023545
-2.61%,Nrg Energy Inc,NRG,472,0.98,38.5,0.023395,0.00023395
-0.43%,Westrock Co,WRK,473,0.15,34.04,0.023185,0.00023185
(-0.04%),Universal Health Services B,UHS,474,-0.06,134.3,0.022998,0.00022998
-10.08%,Bio Rad Laboratories A,BIO,475,40.33,440.33,0.022606,0.00022606
0.00%,Dentsply Sirona Inc,XRAY,476,0,39.29,0.022451,0.00022451
-0.30%,Bath & Body Works Inc,BBWI,477,0.12,38.11,0.022374,0.00022374
-0.95%,Catalent Inc,CTLT,478,0.44,46.18,0.02202,0.0002202
-35.43%,Robert Half Inc,RHI,479,26.61,101.72,0.022007,0.00022007
(-0.01%),Hasbro Inc,HAS,480,-0.01,63.74,0.021918,0.00021918
-3.03%,Franklin Resources Inc,BEN,481,0.86,29.2,0.021484,0.00021484
-0.91%,Whirlpool Corp,WHR,482,1.29,142.79,0.02036,0.0002036
(-0.05%),News Corp Class A,NWSA,483,-0.01,19.87,0.020301,0.00020301
(-0.10%),Paramount Global Class B,PARA,484,-0.02,15.62,0.020121,0.00020121
(-0.58%),Norwegian Cruise Line Holdin,NCLH,485,-0.11,17.85,0.020018,0.00020018
(-0.62%),Invesco Ltd,IVZ,486,-0.1,16.55,0.019999,0.00019999
(-11.83%),Assurant Inc,AIZ,487,-16.8,125,0.01993,0.0001993
(-0.78%),Federal Realty Invs Trust,FRT,488,-0.81,102.61,0.019892,0.00019892
-0.58%,Comerica Inc,CMA,489,0.31,53.34,0.018404,0.00018404
(-0.32%),Generac Holdings Inc,GNRC,490,-0.36,113.59,0.018293,0.00018293
(-0.40%),Sealed Air Corp,SEE,491,-0.18,44.3,0.017389,0.00017389
(-2.31%),Vf Corp,VFC,492,-0.45,18.95,0.016696,0.00016696
-0.11%,Alaska Air Group Inc,ALK,493,0.05,46.79,0.015328,0.00015328
(-0.47%),Davita Inc,DVA,494,-0.51,108.3,0.014939,0.00014939
(-0.63%),Zions Bancorp Na,ZION,495,-0.24,37.68,0.014891,0.00014891
-0.41%,Ralph Lauren Corp,RL,496,0.54,132.28,0.014388,0.00014388
-1.46%,Organon & Co,OGN,497,0.31,21.84,0.014344,0.00014344
-30.81%,Mohawk Industries Inc,MHK,498,32.45,137.74,0.014124,0.00014124
-0.83%,Dxc Technology Co,DXC,499,0.16,19.48,0.01159,0.0001159
-0.29%,Advance Auto Parts Inc,AAP,500,0.21,71.22,0.011514,0.00011514
-1.21%,Lincoln National Corp,LNC,501,0.33,27.25,0.01146,0.0001146
(-0.98%),Fox Corp Class B,FOX,502,-0.31,30.78,0.01144,0.0001144
0.00%,Newell Brands Inc,NWL,503,0,10.91,0.010759,0.00010759
(-0.10%),News Corp Class B,NWS,504,-0.02,20.28,0.006506,6.506e-05
-0.24%,Fortrea Holdings Inc,FTRE,505,0.07,29.84,2e-06,2e-08
